id,category,title,description,conversation_id,report_id,votes,comments,create_date
1,1,日本においてスパイ防止法は必要か？,日本社会で論点が分かれる「スパイ防止法」について、背景には情報の取り扱いと自由のバランスがある。支持派は、国家機密と国民安全を守るために必要と主張し、適用基準の厳格化・監視の限定・裁判所令状の必須化・透明性確保を求める。一方、反対派は取材・表現の自由を萎縮させる恐れを挙げ、既存法の運用改善や民間監視の強化、教育啓発の併用を重視する。過去の議論では、法の恣意運用防止や透明性、専門家の評価・改正を組み込むべきとの声も多い。という問題についてどう考えるべきだろうか？,2db2nr8fsm,r5dwm6xxjztf8mspj76m3,30,15,2025-11-08 17:51:04
2,4,外国人による土葬問題について日本はどう対応すべきか？,"テーマは外国人による土葬問題と日本の対応。
背景には、多文化共生の現実化と、日本固有の死生観・法秩序の対立がある。新宿区の財政負担や、墓地資源の圧迫、国外慣習の影響を巡る議論が進む一方、土葬地の新設や区域別スペース設置など柔軟運用を求める声もある。
立場は大きく二つ。多文化共生を優先し、土葬制度の拡充や規制緩和を検討する意見と、日本の死生観・法秩序を守り厳格規制を維持すべきとの意見だ。
両者は対話と透明性、合意形成を前提に折衝すべきだろう。この問題についてどう考えるべきだろうか？",5etkvd3ncy,r7ewnknffjw8kexs5m5hj,27,16,2025-11-08 18:22:03
3,1,外国人による日本のルールへの無理解、どう対応していくべきか？,外国人による日本のルール理解不足の是非を問うテーマ。背景には、多言語情報の不足や現場の教育機会不足、地域との連携不足がある一方で、インフルエンザ拡大の警戒や治安・秩序維持の観点から規制強化の声もある。意見は大きく二分。 (1) 教育と対話で解消すべき派は、多言語情報提供・地域学校連携・体験型教育・オンライン・対面の24時間場など継続的な学習機会を提案。 (2) 規制強化・周知効率化派は、日本語教育・分かりやすい標識・違反時の罰則統一・執行透明化を挙げ、違反再発を抑止すべきとする。という問題についてどう考えるべきだろうか？,26enwazbxi,r6uyvws5pvv4zbvmxbmfi,16,8,2025-11-08 19:00:47
4,1,国家公務員(官僚)のブラック労働について、是とするべきか？,国家公務員の長時間労働をめぐる分断は、税金で雇われる以上「国民への奉仕は当然」という立場と、過労が賄賂や人材流出を招くとして改革を求める立場の対立だ。背景には財政制約、公務員の報酬水準、評価の透明性不足、ワークライフバランスの欠如がある。主な論点は、現状維持を支持する人々の「国民奉仕の価値」、改革を訴える人々の「長期的な信頼と人材確保、腐敗防止」だ。適正な人員配置と勤務時間の基本原則、評価の透明化、給与の市場化など、両立策の是非が問われる。という問題についてどう考えるべきだろうか？,2cesjmjefp,r2eu2n2ne9t7ukbnuadp3,8,8,2025-11-10 18:14:47
5,6,高齢者医療について、湿布や痛み止めを格安で購入し医師の時間を奪うような診察方法は規制すべきか？,"背景情報として、日本は超高齢社会で医療費が膨張。高齢者の痛みや湿布・痛み止めの自己判断購入が増えると、医師の診療時間が乱用され適正診療が阻害される恐れがある。薬剤師連携や窓口管理、地域包括ケアの充実を通じて、適正な処方とOTC薬の使い分けをどう整えるべきかが争点となる。

主張は二つに分かれる。規制派は医療費削減と適正診療時間確保の観点から、安価な OTC 購入目的の受診を抑制すべきとする。処方とOTCの区別をガイドライン化し、窓口での薬剤師連携を強化するべきだとの意見もある。反対派は、将来の自分の待遇を悪くするだけだとし、現状の自由度と医師の工夫で対応すべきだ、痛みの自己判断購入を自己責任とするべきだと主張する。予防教育の充実で医師の負担を減らすべきとも提案される。

という問題についてどう考えるべきだろうか？",4fsitmhfd7,r9v5maeexpsaphham3bnx,13,8,2025-11-10 18:15:34
6,1,万博未払い問題についてどう対応するべきか？,"テーマ: 万博未払い問題についてどう対応するべきか？

背景: 大阪・関西万博閉幕後、海外パビリオンを含む建設工事費の未払いが多数発生。下請け・関連事業者の生計を直撃し、透明性確保や再発防止の要望が強まっている。解体工事費や追加工事費の未払いも残る。

立場と意見の要旨
- 未払い補填・被害者救済を優先、政府または大阪府が先に支払い。財源は別枠確保を。
- 血税投入は容認せず、原因究明と資産差し押さえを優先。公平な責任追及を求める。
- 透明性確保と再発防止を同時に、政府が補填と監査・契約見直しを実施。
- 緊急資金の一時立替、法整備と財源再配分を併走して早期解決を。
- 関連企業にも責任を及ぼす差し押さえ徹底で血税信頼回復を。 
- 組織・行政の責任分解を公表、再発防止と国民納得が必要。

この問題、どう考えるべきだろうか？",6btvkjf4mh,r9yphmkfdrfavaujdxdi8,8,8,2025-11-15 15:50:48
7,2,外国人による国内の投資用不動産購入を規制すべきか？,外国人による国内投資用不動産の購入を規制すべきかが議論の焦点だ。背景には、相次ぐ取引と地価上昇、資産格差の拡大への懸念がある一方、透明性向上やデジタル化、居住目的限定などを通じた規制緩和・開放論もある。立場は「規制強化派」と「規制緩和派」に分かれ、前者は市場の安定と地方の空洞化防止を主張。後者は資金流入で地域活性化と雇用創出を期待する。双方は抜け道対策や税制インセンティブの活用を提案する。という問題についてどう考えるべきだろうか？,3mdmkbcmdz,r8acxzhbvemnnhkztef8b,8,8,2025-11-15 18:30:47
8,4,礼拝室など、外国文化受け入れのための補助金は必要か？,テーマは、外国文化受け入れを促進する礼拝室整備などの補助金を、公費で支援すべきかどうか。背景には、観光客や外国人労働者の受け入れが日本経済を支えるとの主張と、血税の使い道として公平性・非宗教性を問う声がある。賛成派は、観光・雇用の活性化、生活利便性の向上、恒常的な受け皿拡大を理由に補助金を要請。反対派は、日本人優先の財政支出、公共性・公平性の問題、宗教色の公費支援に対する適切性を挙げ、民間資金や代替案を求める。背景には地域格差や多文化共生の是非も絡む。という問題についてどう考えるべきだろうか？,72kmmhud8r,r4sm9ifweypwdnmxnsksn,17,9,2025-11-10 18:14:02
9,7,食べ尽くし系の旦那や子供にはどう向き合うべきか？,テーマは「食べ尽くし系の旦那や子供にはどう向き合うべきか」。背景には、モラルや感情の抑制不足、教育・ロールモデルの欠如、家庭内のルール不足があると指摘される。立場は、男性側の思いやり欠如・卑しさを指摘する声と、女性側の認識の影響を重視して相互理解を深めるべきだという意見に分かれる。意見には、食事の分担を可視化・ルール化、共感ベースの対話、教育・手本の提示、専門家のカウンセリング、家計・冷蔵庫管理の共有など具体案がある。背景情報として、出産後の体調や家族間の境界線、買い物・摂取の管理不足が中核課題とされる。という問題についてどう考えるべきだろうか？,6cjhfv4z5r,r2cktm9amavaddxvck5ak,8,8,2025-11-15 18:10:47
10,5,大学・高校などの学習にAIを活用することは認められるべきか？,テーマは「大学・高校などの学習にAIを活用することは認められるべきか？」。背景として、高校生の学習で生成AI活用を賛成する保護者が多い一方で懸念も根強い（公平性・依存・情報リテラシーの不足）。東京都は都立校256校でAIを活用、現場の授業公開も進む。賛成派は個別最適化・教員負担軽減・適性発見の可能性を挙げる。反対派は学力の情報格差・AI出力の過信・倫理教育の不足を指摘。という問題についてどう考えるべきだろうか？,6dfmhcepve,r33h5vapcm6xmn5dsdhhs,24,8,2025-11-15 17:50:47
11,4,国公立大学、外国人留学生への支援金は必要か？,国公立大学の外国人留学生支援金を巡る論点は、国内人材育成優先と国際競争力確保の両立だ。背景には、生活費支援の見直し方針や博士課程の外国人除外議論がある一方で、多様性と研究力の強化を評価する声がある。意見は、支援継続派の「優秀な外国人が日本で学ぶ意義」「卒業後の日本貢献を条件に支援」などと、財源を国内優先へ回すべきだとする慎重派の主張に分かれる。現状、支援対象や額の見直し、留学生の学部・研究分野の需要との整合性が問われている。という問題についてどう考えるべきだろうか？,48ihdzff2n,r33ccn4wzc6f6cbnfufcj,60,8,2025-11-16 21:10:48
12,1,中国製IT機器、生産国からの不正アクセスが可能な問題についてどう向き合うべきか？,テーマは「中国製IT機器が生産国由来の不正アクセスリスクを抱える問題」。背景にはサプライチェーンの透明性不足や公共機関での受給基準の揺らぎがある。主な立場は2つ。国産優先・輸入規制強化派は製造元監視とサプライチェーン検査で不正リスク低減を訴える。経済性優先派は導入審査の緩和と定期監査、補助金・日本語対応のセキュリティ基準を整え、国内比率を高めつつ運用を進めるべきとする。実務としては国内認証の厳格化、政府検証済み製品の公共機関採用、輸入元の厳格な監査と違反罰則の強化が鍵になる。という問題についてどう考えるべきだろうか？,9tscndthh4,r7fbuxmandkrfwbac9sue,10,8,2025-11-16 21:30:49